City_ID,City,Country,Lat,Lng,Max Temp,Humidity,Cloudiness,Wind Speed,Current Description
0,Rawson,AR,-43.3002,-65.1023,54.21,74,9,19.17,clear sky
1,Thompson,CA,55.7435,-97.8558,14.16,92,90,5.75,overcast clouds
2,Komsomolskiy,UZ,40.4272,71.7189,42.22,52,2,4.61,haze
3,West Wendover,US,40.7391,-114.0733,34.81,44,90,0.0,overcast clouds
4,Zemio,CF,5.0314,25.1361,81.46,62,87,3.83,overcast clouds
5,Mataura,NZ,-46.1927,168.8643,57.31,54,95,7.31,overcast clouds
6,Beringovskiy,RU,63.05,179.3167,22.39,74,100,15.9,overcast clouds
7,Skibbereen,IE,51.55,-9.2667,48.0,87,93,8.48,overcast clouds
8,Hermanus,ZA,-34.4187,19.2345,69.91,52,75,7.83,broken clouds
9,Vincennes,FR,48.85,2.4333,48.0,94,90,4.61,overcast clouds
10,Mount Isa,AU,-20.7333,139.5,94.77,28,65,8.05,broken clouds
11,Ardakan,IR,32.31,54.0175,52.18,32,0,1.3,clear sky
12,Port Keats,AU,-14.25,129.55,89.46,57,14,10.94,few clouds
13,Oussouye,SN,12.485,-16.5469,75.38,72,52,6.73,broken clouds
14,Rikitea,PF,-23.1203,-134.9692,72.97,69,4,11.39,clear sky
15,Sitka,US,57.0531,-135.33,33.69,75,90,6.91,light snow
16,Port Alfred,ZA,-33.5906,26.891,66.96,56,100,13.71,overcast clouds
17,Atasu,KZ,48.6814,71.6433,8.06,72,53,2.84,broken clouds
18,Fortuna,US,40.5982,-124.1573,57.09,70,90,1.01,overcast clouds
19,Saint-Georges,GD,12.0564,-61.7485,79.07,80,100,11.7,overcast clouds
20,Avarua,CK,-21.2078,-159.775,77.05,78,20,9.22,few clouds
21,Nouadhibou,MR,20.931,-17.0347,64.38,94,12,9.22,few clouds
22,Khandyga,RU,62.6667,135.6,-9.9,98,100,2.66,overcast clouds
23,Lebu,CL,-37.6167,-73.65,51.94,94,43,16.24,scattered clouds
24,Asau,RO,46.4333,26.4,44.96,51,93,7.47,overcast clouds
25,Jamestown,US,42.097,-79.2353,36.99,99,90,7.0,snow
26,Albany,US,42.6001,-73.9662,42.1,83,52,9.89,broken clouds
27,Kununurra,AU,-15.7667,128.7333,103.98,17,22,4.61,few clouds
28,Kodiak,US,57.79,-152.4072,18.91,73,90,5.75,overcast clouds
29,Longyearbyen,SJ,78.2186,15.6401,19.24,68,40,25.32,scattered clouds
30,Caravelas,BR,-17.7125,-39.2481,74.19,87,20,8.08,few clouds
31,Constitucion,CL,-35.3333,-72.4167,55.54,74,100,2.64,overcast clouds
32,Tuktoyaktuk,CA,69.4541,-133.0374,4.68,93,100,18.54,light snow
33,Puerto Ayora,EC,-0.7393,-90.3518,66.74,87,86,7.81,overcast clouds
34,Bethel,US,41.3712,-73.414,45.48,88,100,1.01,overcast clouds
35,Kaltasy,RU,55.9693,54.8032,27.28,86,100,15.95,overcast clouds
36,Ushuaia,AR,-54.8,-68.3,46.06,76,40,26.46,light rain
37,Eureka,US,40.8021,-124.1637,57.36,74,100,1.99,overcast clouds
38,Santa Fe,AR,-31.6333,-60.7,60.98,70,0,4.09,clear sky
39,Bredasdorp,ZA,-34.5322,20.0403,68.29,42,87,5.55,overcast clouds
40,Carnarvon,AU,-24.8667,113.6333,77.07,57,0,20.71,clear sky
41,Buala,SB,-8.145,159.5921,80.31,81,100,2.1,light rain
42,Ribeira Grande,PT,38.5167,-28.7,64.8,82,40,8.05,scattered clouds
43,Atuona,PF,-9.8,-139.0333,77.41,73,0,9.44,clear sky
44,Bodmin,GB,50.4715,-4.7243,49.96,93,75,4.61,broken clouds
45,Bengkulu,ID,-3.8004,102.2655,81.18,82,100,9.1,moderate rain
46,Kampot,KH,10.6167,104.1833,87.85,72,91,5.75,overcast clouds
47,Kapaa,US,22.0752,-159.319,77.32,84,40,11.5,scattered clouds
48,Atambua,ID,-9.1061,124.8925,79.72,79,100,1.86,heavy intensity rain
49,Flinders,AU,-34.5833,150.8552,65.8,82,100,5.01,light rain
50,East London,ZA,-33.0153,27.9116,68.94,45,0,10.36,clear sky
51,Olafsvik,IS,64.8945,-23.7142,41.7,75,100,14.03,overcast clouds
52,Balkhash,KZ,46.844,74.9804,20.01,73,0,11.18,clear sky
53,Pevek,RU,69.7008,170.3133,0.37,83,8,9.51,clear sky
54,Barrow,US,71.2906,-156.7887,14.02,79,90,26.46,mist
55,Punta Arenas,CL,-53.15,-70.9167,50.11,76,75,25.32,broken clouds
56,Airai,TL,-8.9266,125.4092,66.45,88,100,2.35,heavy intensity rain
57,Busselton,AU,-33.65,115.3333,74.05,43,5,12.06,clear sky
58,Camana,PE,-16.6228,-72.7111,63.57,86,100,5.19,overcast clouds
59,Sampit,ID,-2.5333,112.95,76.95,95,100,2.89,overcast clouds
60,Buenos Aires,AR,-34.6132,-58.3772,64.13,70,0,0.0,clear sky
61,Yellowknife,CA,62.456,-114.3525,16.32,95,90,12.66,light snow
62,Ilulissat,GL,69.2167,-51.1,12.22,57,20,20.71,few clouds
63,Benguela,AO,-12.5763,13.4055,80.38,75,43,3.56,scattered clouds
64,Necochea,AR,-38.5473,-58.7368,52.03,88,0,8.32,clear sky
65,Faanui,PF,-16.4833,-151.75,79.88,73,52,19.86,broken clouds
66,Georgetown,MY,5.4112,100.3354,89.53,74,40,11.99,scattered clouds
67,Nyurba,RU,63.2842,118.3319,-15.45,99,28,1.9,scattered clouds
68,Shizunai,JP,42.3339,142.3669,51.58,85,100,28.07,overcast clouds
69,Ponta Do Sol,PT,32.6667,-17.1,63.72,67,9,4.76,clear sky
70,Morant Bay,JM,17.8815,-76.4093,80.22,76,19,6.78,few clouds
71,Chokurdakh,RU,70.6333,147.9167,-18.89,100,87,2.68,overcast clouds
72,Kruisfontein,ZA,-34.0033,24.7314,65.88,43,93,13.02,overcast clouds
73,Coquimbo,CL,-29.9533,-71.3436,56.93,88,90,3.44,overcast clouds
74,Mehamn,NO,71.0357,27.8492,33.71,98,100,4.14,overcast clouds
75,New Norfolk,AU,-42.7826,147.0587,58.91,47,28,1.99,scattered clouds
76,Cape Town,ZA,-33.9258,18.4232,71.11,57,40,23.02,scattered clouds
77,Victoria,HK,22.2855,114.1577,77.25,79,66,3.0,broken clouds
78,Narsaq,GL,60.9167,-46.05,17.82,69,7,6.96,clear sky
79,Cidreira,BR,-30.1811,-50.2056,63.37,83,100,7.63,overcast clouds
80,Yulara,AU,-25.2406,130.9889,100.24,6,8,8.05,clear sky
81,Qaanaaq,GL,77.484,-69.3632,-6.9,64,67,7.54,broken clouds
82,Walvis Bay,NA,-22.9575,14.5053,63.55,67,0,9.22,clear sky
83,Iqaluit,CA,63.7506,-68.5145,19.13,68,90,16.11,light snow
84,Butaritari,KI,3.0707,172.7902,82.17,76,100,12.21,light rain
85,Megion,RU,61.0296,76.1136,-9.38,96,91,9.98,overcast clouds
86,Nemuro,JP,43.3236,145.575,46.83,82,98,26.13,light rain
87,Kirakira,SB,-10.4544,161.9205,80.15,82,99,3.33,overcast clouds
88,Jawhar,SO,2.7809,45.5005,87.28,51,87,10.18,overcast clouds
89,Saint-Philippe,RE,-21.3585,55.7679,87.12,61,2,16.75,clear sky
90,Dingle,PH,10.9995,122.6711,84.97,74,98,3.22,overcast clouds
91,La Ronge,CA,55.1001,-105.2842,17.85,86,40,4.61,scattered clouds
92,Khatanga,RU,71.9667,102.5,-25.1,98,25,5.97,scattered clouds
93,Port Elizabeth,ZA,-33.918,25.5701,68.09,59,0,20.71,clear sky
94,Mamallapuram,IN,12.6264,80.1722,80.65,83,81,16.28,broken clouds
95,Mercedes,AR,-34.6515,-59.4307,61.18,48,0,3.85,clear sky
96,Kaitangata,NZ,-46.2817,169.8464,61.93,51,100,8.9,overcast clouds
97,Leningradskiy,RU,69.3833,178.4167,-4.5,80,22,5.26,few clouds
98,Bosanska Krupa,BA,44.8825,16.1514,44.58,76,79,0.78,broken clouds
99,Zhigansk,RU,66.7697,123.3711,-16.42,96,100,4.7,overcast clouds
100,Sola,VU,-13.8833,167.55,81.07,73,100,5.93,overcast clouds
101,Ust-Kuyga,RU,70.0167,135.6,-8.21,100,98,3.29,overcast clouds
102,Cap Malheureux,MU,-19.9842,57.6142,82.89,56,1,14.0,clear sky
103,Ngunguru,NZ,-35.6167,174.5,60.17,60,100,2.17,overcast clouds
104,Phalodi,IN,27.1333,72.3667,82.74,16,0,11.12,clear sky
105,Lucapa,AO,-8.4192,20.7447,73.26,76,78,4.45,broken clouds
106,Luanda,AO,-8.8368,13.2343,79.43,78,93,3.44,overcast clouds
107,Esperance,AU,-33.8667,121.9,62.44,63,72,14.81,broken clouds
108,Ginda,IN,30.6945,78.4932,68.43,19,0,5.79,clear sky
109,Hobart,AU,-42.8794,147.3294,59.27,71,75,1.01,broken clouds
110,Borken,DE,51.85,6.8667,52.68,92,100,11.45,overcast clouds
111,Mahon,ES,39.8885,4.2658,52.36,93,20,10.36,few clouds
112,Konstantinovka,RU,49.6167,127.9833,10.15,90,6,3.8,clear sky
113,Vaini,TO,-21.2,-175.2,75.36,94,20,3.44,few clouds
114,Aykhal,RU,66.0,111.5,-14.82,100,36,4.81,scattered clouds
115,Tiksi,RU,71.6872,128.8694,-3.3,97,100,7.49,overcast clouds
116,Qostanay,KZ,53.1667,63.5833,17.89,93,90,17.9,overcast clouds
117,Salamanca,ES,40.8333,-6.0,41.76,86,5,5.95,clear sky
118,San Quintin,MX,30.4833,-115.95,60.58,84,100,6.46,overcast clouds
119,Moranbah,AU,-22.0016,148.0466,86.02,31,0,16.15,clear sky
120,Tiarei,PF,-17.5333,-149.3333,78.82,73,64,20.78,broken clouds
121,Rassvet,RU,46.8333,40.75,35.64,97,100,6.71,light snow
122,Antofagasta,CL,-23.65,-70.4,60.08,85,12,2.19,few clouds
123,Havoysund,NO,70.9963,24.6622,29.28,84,99,10.07,overcast clouds
124,Mugumu,TZ,-1.85,34.7,85.77,26,79,4.38,broken clouds
125,Akdepe,TM,42.0551,59.3788,39.29,31,75,14.81,broken clouds
126,Umred,IN,20.85,79.3333,86.29,37,49,8.86,scattered clouds
127,Auki,SB,-8.7676,160.7034,79.2,84,42,2.46,light rain
128,Saint-Augustin,CA,51.226,-58.6502,35.85,98,100,13.22,overcast clouds
129,Mahebourg,MU,-20.4081,57.7,82.69,57,20,16.11,few clouds
130,Vardo,NO,70.3705,31.1107,32.2,100,75,4.61,light intensity shower rain
131,Leh,IN,34.1667,77.5833,28.2,47,1,2.15,clear sky
132,Sao Filipe,CV,14.8961,-24.4956,77.09,79,100,6.76,overcast clouds
133,Sobolevo,RU,54.4299,31.8996,34.07,97,100,7.47,overcast clouds
134,Dikson,RU,73.5069,80.5464,-21.41,96,12,3.38,few clouds
135,Ratanpur,IN,22.3,82.1667,86.05,35,55,4.54,broken clouds
136,Oranjemund,NA,-28.55,16.4333,66.54,58,0,16.71,clear sky
137,Chuy,UY,-33.6971,-53.4616,51.1,90,0,4.54,clear sky
138,Vila Velha,BR,-20.3297,-40.2925,76.95,84,20,4.0,few clouds
139,Emet,TR,39.343,29.2585,42.85,89,100,4.34,overcast clouds
140,Chagoda,RU,59.164,35.3285,35.01,76,96,11.56,overcast clouds
141,Pedernales,DO,18.0384,-71.744,78.28,66,92,2.98,overcast clouds
142,Sisimiut,GL,66.9395,-53.6735,13.12,84,46,14.03,scattered clouds
143,Pangai,TO,-19.8,-174.35,78.39,71,85,7.7,overcast clouds
144,Pangnirtung,CA,66.1451,-65.7125,14.49,77,100,7.29,overcast clouds
145,Comodoro Rivadavia,AR,-45.8667,-67.5,62.46,42,0,17.27,clear sky
146,Altagracia De Orituco,VE,9.8601,-66.3814,68.99,97,100,3.44,overcast clouds
147,Hilo,US,19.7297,-155.09,78.28,91,1,3.44,clear sky
148,Shache,CN,38.4167,77.2406,46.2,25,0,2.55,clear sky
149,Fort Nelson,CA,58.8053,-122.7002,4.59,85,75,6.91,light snow
150,Yar-Sale,RU,66.8333,70.8333,-14.08,98,17,3.56,few clouds
151,Hithadhoo,MV,-0.6,73.0833,83.16,75,15,18.95,few clouds
152,Jeremie,HT,18.65,-74.1167,76.91,69,100,3.33,overcast clouds
153,Sitio Novo Do Tocantins,BR,-5.5183,-47.4611,78.73,89,20,0.0,few clouds
154,Arraial Do Cabo,BR,-22.9661,-42.0278,72.48,92,100,3.49,overcast clouds
155,Kuching,MY,1.55,110.3333,86.22,74,40,10.36,scattered clouds
156,Wicklow,IE,53.0,-6.4167,47.05,93,22,3.62,few clouds
157,Syasstroy,RU,60.1367,32.5691,37.26,85,87,15.26,overcast clouds
158,Geraldton,AU,-28.7667,114.6,73.81,53,0,24.16,clear sky
159,Buxar,IN,25.5833,83.9833,82.98,28,12,3.36,few clouds
160,Ulladulla,AU,-35.35,150.4667,61.88,96,100,4.63,light rain
161,Zhanakorgan,KZ,43.9098,67.2495,36.03,31,0,6.33,clear sky
162,Manzanillo,CU,20.3433,-77.1167,70.38,89,31,2.98,scattered clouds
163,Aklavik,CA,68.2191,-135.0107,2.12,78,100,14.18,overcast clouds
164,Ahipara,NZ,-35.1667,173.1667,58.48,75,100,4.61,overcast clouds
165,Hargeysa,SO,9.56,44.065,78.94,20,16,14.14,few clouds
166,Tura,IN,25.5198,90.2201,76.28,54,12,3.71,few clouds
167,Lompoc,US,34.6391,-120.4579,55.78,87,90,0.0,overcast clouds
168,Greenville,US,35.6127,-77.3663,62.76,67,75,6.91,broken clouds
169,Atar,MR,20.5169,-13.0499,73.38,47,73,6.51,broken clouds
170,Sholapur,IN,17.6833,75.9167,82.0,60,100,8.99,overcast clouds
171,Teguise,ES,29.0605,-13.564,53.82,82,20,4.61,few clouds
172,Nikolskoye,RU,59.7035,30.7861,39.87,92,48,8.55,scattered clouds
173,Castro,BR,-24.7911,-50.0119,62.53,96,98,3.09,overcast clouds
174,North Bend,US,43.4065,-124.2243,56.95,97,90,21.85,mist
175,Sinnamary,GF,5.3833,-52.95,76.51,90,56,6.46,broken clouds
176,Provideniya,RU,64.3833,-173.3,8.92,92,27,11.52,scattered clouds
177,Inuvik,CA,68.3499,-133.7218,4.21,85,90,5.75,light snow
178,Qasigiannguit,GL,68.8193,-51.1922,12.45,83,45,6.49,scattered clouds
179,Tasiilaq,GL,65.6145,-37.6368,21.36,61,92,3.78,overcast clouds
180,Prince Rupert,CA,54.3161,-130.3201,42.49,77,90,12.66,moderate rain
181,Whitianga,NZ,-36.8333,175.7,65.01,74,95,4.23,overcast clouds
182,Kahului,US,20.8947,-156.47,79.84,78,1,5.75,clear sky
183,Hervey Bay,AU,-25.2986,152.8535,78.91,64,0,10.49,clear sky
184,Huilong,CN,31.8111,121.655,67.98,58,4,9.1,clear sky
185,Yanam,IN,16.7333,82.2167,81.0,88,100,11.1,overcast clouds
186,Half Moon Bay,US,37.4636,-122.4286,56.16,92,90,0.0,mist
187,Longfeng,CN,46.55,125.1167,22.14,81,67,4.97,broken clouds
188,Svetlogorsk,BY,52.6333,29.7333,37.27,98,100,10.29,overcast clouds
189,Tuatapere,NZ,-46.1333,167.6833,56.97,63,70,7.99,broken clouds
190,Bluff,NZ,-46.6,168.3333,58.91,58,77,19.6,broken clouds
191,Gravdal,NO,68.1214,13.5031,40.89,75,40,16.11,scattered clouds
192,Port Blair,IN,11.6667,92.75,83.86,73,100,10.65,overcast clouds
193,Gawler,AU,-34.6,138.7333,60.82,90,100,7.09,light rain
194,Yumen,CN,40.2833,97.2,37.0,29,100,13.29,overcast clouds
195,Kamaishi,JP,39.2667,141.8833,58.15,73,1,9.33,clear sky
196,Basoko,CD,1.2391,23.616,80.91,69,100,1.48,overcast clouds
197,Bandarbeyla,SO,9.4942,50.8122,81.52,58,11,16.84,few clouds
198,Hirado,JP,33.3597,129.5531,65.55,49,0,10.18,clear sky
199,Lorengau,PG,-2.0226,147.2712,82.29,67,100,5.59,overcast clouds
200,Norman Wells,CA,65.282,-126.8329,-2.16,71,75,10.36,light snow
201,Sulangan,PH,11.1373,123.7228,82.9,68,100,3.51,overcast clouds
202,Ryotsu,JP,38.0833,138.4333,60.76,71,48,17.98,scattered clouds
203,Borazjan,IR,29.2666,51.2159,74.53,35,0,4.47,clear sky
204,Zvishavane,ZW,-20.3267,30.0665,64.9,82,100,11.23,overcast clouds
205,Monrovia,LR,6.3005,-10.7969,76.77,90,30,6.13,light rain
206,Agadez,NE,19.75,10.25,79.75,17,84,3.42,broken clouds
207,Windhoek,NA,-22.5594,17.0832,77.49,10,0,3.44,clear sky
208,Klaksvik,FO,62.2266,-6.589,45.52,81,88,38.79,overcast clouds
209,Saint-Francois,FR,46.4154,3.9054,42.48,99,90,0.0,mist
210,Paamiut,GL,61.994,-49.6678,11.19,65,8,5.75,clear sky
211,Rincon,US,32.296,-81.2354,64.85,99,40,6.91,scattered clouds
212,Katherine,AU,-14.4667,132.2667,102.52,25,85,11.5,overcast clouds
213,Sao Joao Da Barra,BR,-21.6403,-41.0511,73.49,92,99,6.04,overcast clouds
214,Surgut,RU,61.25,73.4167,-12.82,84,0,8.95,clear sky
215,Madang,PG,-5.2246,145.7966,79.02,87,100,4.85,moderate rain
216,Griffith,US,41.5284,-87.4237,33.62,58,75,1.01,broken clouds
217,Saint George,US,37.1041,-113.5841,61.36,42,1,3.44,clear sky
218,Santiago Del Estero,AR,-27.7951,-64.2615,64.17,66,1,5.14,clear sky
219,Loubomo,CG,-4.1997,12.6739,80.56,77,43,2.46,scattered clouds
220,Yerofey Pavlovich,RU,53.9667,121.9667,10.83,90,100,1.05,overcast clouds
221,Berlevag,NO,70.8578,29.0864,33.75,93,75,3.44,broken clouds
222,Isangel,VU,-19.55,169.2667,78.24,84,100,7.63,light rain
223,Pietermaritzburg,ZA,-29.6168,30.3928,59.76,67,99,4.83,overcast clouds
224,Bonthe,SL,7.5264,-12.505,79.39,82,36,3.29,light rain
225,Grand-Lahou,CI,5.1367,-5.0242,81.84,77,50,4.09,scattered clouds
226,Lagoa,PT,39.05,-27.9833,65.12,73,100,17.87,overcast clouds
227,Jiuquan,CN,39.7432,98.5174,39.02,28,100,9.1,overcast clouds
228,Kavieng,PG,-2.5744,150.7967,82.71,70,100,0.02,overcast clouds
229,Oyama,JP,36.3,139.8,60.66,36,80,0.81,broken clouds
230,Ixtapa,MX,20.7,-105.2,73.22,81,0,4.21,clear sky
231,Lasa,IT,46.6166,10.7002,41.88,58,88,5.39,overcast clouds
232,Nerchinskiy Zavod,RU,51.3088,119.61,11.52,89,88,1.7,overcast clouds
233,Bambous Virieux,MU,-20.3428,57.7575,82.65,57,20,16.11,few clouds
234,Pemba,MZ,-12.974,40.5178,83.8,64,5,15.37,clear sky
235,Teknaf,BD,20.8624,92.3058,84.83,57,98,9.55,overcast clouds
236,Obama,JP,35.4958,135.746,64.62,59,0,2.55,clear sky
237,Broken Hill,AU,-31.95,141.4333,82.11,30,100,6.91,light rain
238,Pinega,RU,64.7001,43.3936,27.39,94,100,8.9,light snow
239,Concarneau,FR,47.875,-3.9225,47.19,89,5,7.94,clear sky
240,Inhambane,MZ,-23.865,35.3833,76.98,83,40,4.61,scattered clouds
241,Guilin,CN,25.2819,110.2864,64.51,77,99,1.21,overcast clouds
242,Roma,US,43.2128,-75.4557,39.06,93,90,8.05,overcast clouds
243,Puerto Ayacucho,VE,5.6639,-67.6236,75.31,80,98,1.63,overcast clouds
244,Maku,IR,39.2911,44.4521,46.04,45,96,3.06,overcast clouds
245,Lake Charles,US,30.2131,-93.2044,51.78,61,1,9.22,clear sky
246,Tucupita,VE,9.0622,-62.051,71.01,99,95,2.77,overcast clouds
247,La Esperanza,GT,14.8667,-91.5667,51.62,85,100,6.58,overcast clouds
248,Severo-Kurilsk,RU,50.6789,156.125,36.68,98,100,18.68,moderate rain
249,San Pedro De Cajas,PE,-11.2511,-75.8617,38.61,90,100,2.86,overcast clouds
250,Itacoatiara,BR,-3.1431,-58.4442,72.59,95,100,0.85,overcast clouds
251,Nosy Varika,MG,-20.5833,48.5333,82.2,60,9,11.68,clear sky
252,Nyrob,RU,60.733,56.7202,25.23,94,100,10.69,overcast clouds
253,General Pico,AR,-35.6566,-63.7568,50.38,78,3,8.72,clear sky
254,Ambilobe,MG,-13.2,49.05,95.97,29,7,1.61,clear sky
255,Nome,US,64.5011,-165.4064,-1.89,66,1,0.0,clear sky
256,Panagar,IN,23.3,79.9833,81.84,39,40,6.91,haze
257,Chilliwack,CA,49.1747,-121.9443,41.52,92,100,4.61,overcast clouds
258,Kendari,ID,-3.945,122.4989,80.22,83,100,2.77,moderate rain
259,Dunedin,NZ,-45.8742,170.5036,54.81,66,53,3.0,broken clouds
260,Jati,PK,24.3539,68.2671,87.55,12,0,13.38,clear sky
261,Mocuba,MZ,-16.8392,36.9856,107.38,15,0,3.47,clear sky
262,Burnie,AU,-41.0667,145.9167,61.95,45,10,11.48,clear sky
263,Mandalgovi,MN,45.7625,106.2708,28.42,39,11,14.05,few clouds
264,Envira,BR,-7.3,-70.2167,72.12,99,100,2.46,overcast clouds
265,Cayenne,GF,4.9333,-52.3333,79.09,87,75,5.75,mist
266,Borogontsy,RU,62.6683,131.1683,-14.1,97,99,0.74,overcast clouds
267,Luderitz,NA,-26.6481,15.1594,72.07,45,0,18.12,clear sky
268,Gat,IL,31.61,34.7642,71.4,64,7,6.51,clear sky
269,Kiunga,PG,-6.1219,141.2906,80.67,85,99,2.42,overcast clouds
270,Laguna,US,38.421,-121.4238,58.82,93,20,0.0,mist
271,The Valley,AI,18.217,-63.0578,80.1,68,85,19.6,overcast clouds
272,Biskamzha,RU,53.4497,89.5272,12.99,89,100,6.91,light snow
273,High Level,CA,58.5169,-117.136,17.71,93,90,5.75,light snow
274,Dimitrovgrad,RU,54.2139,49.6184,24.85,77,100,14.16,overcast clouds
275,Sangar,RU,63.9242,127.4739,-13.36,96,100,1.39,overcast clouds
276,Salalah,OM,17.0151,54.0924,82.49,61,0,5.75,clear sky
277,Van,TR,38.4924,43.3831,47.55,53,75,3.44,broken clouds
278,Fare,PF,-16.7,-151.0167,79.59,74,89,19.95,overcast clouds
279,Chepareria,KE,1.3077,35.2039,77.67,36,0,6.93,clear sky
280,Seminole,US,28.7086,-81.2081,71.06,95,90,0.0,moderate rain
281,Sabla,NG,12.7525,4.7077,84.56,15,89,10.92,overcast clouds
282,Souillac,MU,-20.5167,57.5167,82.78,57,20,16.11,few clouds
283,Ust-Tsilma,RU,65.441,52.1498,25.97,95,100,9.01,light snow
284,Tromso,NO,69.6496,18.957,37.42,70,75,1.01,broken clouds
285,Scarborough,GB,54.2797,-0.4044,53.42,86,59,3.0,broken clouds
286,Coolum Beach,AU,-26.5333,153.1,76.1,70,24,8.3,few clouds
287,Upernavik,GL,72.7868,-56.1549,7.36,85,66,7.09,broken clouds
288,Lubao,PH,14.9167,120.55,88.14,58,77,2.15,broken clouds
289,Grand Gaube,MU,-20.0064,57.6608,82.8,57,2,11.99,clear sky
290,Puerto Penasco,MX,31.3167,-113.5333,72.5,38,97,4.05,overcast clouds
291,Irtyshskiy,RU,58.3333,68.1333,14.41,88,100,7.85,overcast clouds
292,Touros,BR,-5.1989,-35.4608,76.1,76,100,14.88,overcast clouds
293,Kieta,PG,-6.2167,155.6333,79.52,84,100,5.44,moderate rain
294,Katsuura,JP,35.1333,140.3,62.11,67,99,7.65,overcast clouds
295,Cherskiy,RU,68.75,161.3,-4.38,92,17,4.34,few clouds
296,Tommot,RU,58.9564,126.2925,-5.84,100,62,0.89,broken clouds
297,Nanortalik,GL,60.1432,-45.2371,22.23,80,4,9.51,clear sky
298,Salinas,US,36.6777,-121.6555,56.21,85,75,0.0,broken clouds
299,Roald,NO,62.5833,6.1333,50.05,93,75,39.12,drizzle rain
300,Svetlaya,RU,46.5389,138.3297,36.19,65,100,10.67,overcast clouds
301,Hasaki,JP,35.7333,140.8333,59.4,54,100,2.71,overcast clouds
302,Banda Aceh,ID,5.5577,95.3222,83.88,72,34,18.66,light rain
303,Ust-Ishim,RU,57.6935,71.1665,12.61,83,99,6.08,overcast clouds
304,Cumberland,US,35.0502,-78.8664,60.98,36,1,14.97,clear sky
305,Belmonte,BR,-15.8631,-38.8828,72.1,89,78,6.53,broken clouds
306,Mandurah,AU,-32.55,115.7,75.22,53,46,10.54,scattered clouds
307,Astoria,US,46.1879,-123.8313,52.86,96,90,5.99,mist
308,Boa Vista,BR,2.8197,-60.6733,76.98,83,0,6.91,clear sky
309,Axim,GH,4.8699,-2.2405,81.41,79,11,5.93,few clouds
310,Mar Del Plata,AR,-38.0023,-57.5575,58.08,89,0,5.01,clear sky
311,Marsaxlokk,MT,35.8419,14.5431,65.08,82,20,3.44,few clouds
312,Mount Gambier,AU,-37.8333,140.7667,57.11,58,100,11.5,overcast clouds
313,Zastron,ZA,-30.3023,27.084,61.68,28,2,6.6,clear sky
314,Carbonia,IT,39.1672,8.5222,56.98,72,0,2.37,clear sky
315,Iskateley,RU,67.6803,53.1512,17.19,94,100,15.12,light snow
316,Alofi,NU,-19.0595,-169.9187,76.89,94,38,3.44,scattered clouds
317,Amazar,RU,53.858,120.875,10.31,89,88,1.05,overcast clouds
318,Villa Bruzual,VE,9.3328,-69.1208,72.27,77,99,5.46,overcast clouds
319,Taveta,KE,-3.3963,37.6736,80.19,48,52,6.93,broken clouds
320,Bathsheba,BB,13.2167,-59.5167,79.41,78,20,16.11,few clouds
321,Rio Gallegos,AR,-51.6226,-69.2181,51.85,62,75,21.85,broken clouds
322,Santa Isabel Do Rio Negro,BR,-0.4139,-65.0192,72.07,98,99,2.3,overcast clouds
323,Dudinka,RU,69.4058,86.1778,-5.06,97,99,4.41,overcast clouds
324,Iskandar,UZ,41.5539,69.7008,36.45,39,0,3.38,clear sky
325,Erzin,TR,36.9559,36.2,64.92,37,74,3.02,broken clouds
326,Codrington,AU,-38.2667,141.9667,54.57,61,100,10.92,overcast clouds
327,Nishihara,JP,26.1842,127.7558,76.28,79,75,11.5,broken clouds
328,Lahij,YE,13.1667,44.5833,83.34,41,5,7.38,clear sky
329,Buchanan,LR,5.8808,-10.0467,76.96,85,67,5.77,broken clouds
330,Palmas,BR,-10.2128,-48.3603,75.07,88,75,4.61,broken clouds
331,Port Hardy,CA,50.6996,-127.4199,44.6,93,75,6.91,broken clouds
332,Sao Geraldo Do Araguaia,BR,-6.4006,-48.555,73.45,94,100,2.53,overcast clouds
333,Vestmannaeyjar,IS,63.4427,-20.2734,43.84,78,100,11.81,light rain
334,Menongue,AO,-14.6585,17.691,71.96,66,100,2.73,overcast clouds
335,Omboue,GA,-1.5746,9.2618,82.31,76,59,5.32,broken clouds
336,Hofn,IS,64.2539,-15.2082,38.3,84,82,3.44,broken clouds
337,Clyde River,CA,70.4692,-68.5914,7.03,92,100,10.36,light snow
338,Figeac,FR,44.75,1.9167,37.78,78,0,2.62,clear sky
339,Hamilton,US,39.1834,-84.5333,33.24,65,75,3.0,broken clouds
340,Coihaique,CL,-45.5752,-72.0662,48.15,81,0,3.44,clear sky
341,Puerto Carreno,CO,6.189,-67.4859,77.31,70,99,6.38,overcast clouds
342,Kayerkan,RU,69.3497,87.7602,1.62,89,100,3.04,overcast clouds
343,Avera,US,33.194,-82.5271,58.51,50,54,10.51,broken clouds
344,Torbay,CA,47.6666,-52.7314,38.57,83,90,11.5,overcast clouds
345,Madimba,TZ,-10.4,40.3333,87.12,62,40,9.22,scattered clouds
346,College,US,64.8569,-147.8028,-8.01,74,20,0.0,few clouds
347,Baruun-Urt,MN,46.6806,113.2792,24.53,29,100,7.25,overcast clouds
348,Grindavik,IS,63.8424,-22.4338,39.67,87,40,12.66,scattered clouds
349,Sungaipenuh,ID,-2.0833,101.3833,76.87,58,100,5.46,overcast clouds
350,Salamiyah,SY,35.0113,37.0532,66.2,41,92,1.88,overcast clouds
351,Petropavlovsk-Kamchatskiy,RU,53.0452,158.6483,16.39,79,0,4.47,clear sky
352,Talnakh,RU,69.4865,88.3972,0.79,87,100,2.3,overcast clouds
353,Tigil,RU,57.8,158.6667,8.01,95,100,1.39,overcast clouds
354,Bubaque,GW,11.2833,-15.8333,81.77,73,42,13.53,scattered clouds
355,Batticaloa,LK,7.7102,81.6924,83.1,72,31,6.53,scattered clouds
356,Waingapu,ID,-9.6567,120.2641,83.37,71,91,10.87,overcast clouds
357,Tezu,IN,27.9167,96.1667,80.33,32,0,2.68,clear sky
358,Mitu,CO,1.1983,-70.1733,74.35,90,100,0.98,overcast clouds
359,Itarema,BR,-2.9248,-39.9167,80.33,77,75,14.47,broken clouds
360,Northam,GB,51.0333,-4.2167,51.57,95,100,5.7,overcast clouds
361,Murgab,TM,37.4966,61.9714,44.47,65,0,9.22,clear sky
362,Baykit,RU,61.67,96.37,0.55,97,88,3.11,overcast clouds
363,Prainha,BR,-1.8,-53.48,76.89,77,100,1.9,overcast clouds
364,Port Macquarie,AU,-31.4333,152.9167,78.76,81,100,7.56,moderate rain
365,Oksfjord,NO,70.2396,22.3479,32.18,85,89,4.05,overcast clouds
366,Vurnary,RU,55.4904,46.9648,27.46,77,100,14.81,overcast clouds
367,Meulaboh,ID,4.1363,96.1285,81.14,80,87,8.59,overcast clouds
368,Saskylakh,RU,71.9167,114.0833,-29.4,99,18,5.1,few clouds
369,Nanning,CN,22.8167,108.3167,68.45,72,99,7.7,overcast clouds
370,Bethal,ZA,-26.4579,29.4655,63.57,66,100,6.89,overcast clouds
371,Azle,US,32.8951,-97.5459,46.13,41,1,1.01,clear sky
372,Puerto Escondido,MX,15.85,-97.0667,76.75,74,4,3.76,clear sky
373,Acapulco,MX,16.8634,-99.8901,75.43,85,21,4.56,few clouds
374,Xingyi,CN,24.1877,102.817,65.01,61,61,7.54,broken clouds
375,Teahupoo,PF,-17.8333,-149.2667,73.36,71,73,19.51,broken clouds
376,Zlitan,LY,32.4674,14.5687,69.69,61,80,9.01,broken clouds
377,Kpalime,TG,6.9,0.6333,80.08,77,9,1.97,clear sky
378,Kedrovyy,RU,56.1667,91.8167,9.01,82,100,4.27,overcast clouds
379,Barcelos,PT,41.5388,-8.6151,53.74,70,0,7.61,clear sky
380,Conceicao Do Araguaia,BR,-8.2578,-49.2647,74.23,88,100,3.53,overcast clouds
381,Lagos,NG,6.5833,3.75,79.12,78,58,2.06,light rain
382,Russell,US,32.3502,-85.1999,54.68,53,42,10.51,scattered clouds
383,George Town,MY,5.4112,100.3354,89.53,74,40,11.99,scattered clouds
384,Tecoanapa,MX,16.5167,-98.75,74.97,85,8,4.61,clear sky
385,Malazgirt,TR,39.1427,42.5401,47.75,29,98,1.88,overcast clouds
386,Kutum,SD,14.2,24.6667,76.73,21,0,12.48,clear sky
387,Terrace Bay,CA,48.7834,-87.1,26.22,76,10,13.09,clear sky
388,Los Llanos De Aridane,ES,28.6585,-17.9182,58.75,72,20,8.05,volcanic ash
389,Sillod,IN,20.3,75.65,85.6,47,50,10.51,scattered clouds
390,Kandi,BJ,11.1342,2.9386,83.84,21,87,4.38,overcast clouds
391,Wasilla,US,61.5814,-149.4394,2.75,80,1,0.0,light snow
392,Porto Belo,BR,-27.1578,-48.5531,70.16,88,100,7.4,overcast clouds
393,Padang,ID,-0.9492,100.3543,86.05,65,93,6.02,overcast clouds
394,Guerrero Negro,MX,27.9769,-114.0611,62.82,86,99,8.37,overcast clouds
395,Thinadhoo,MV,0.5333,72.9333,83.07,75,4,18.41,clear sky
396,Atikokan,CA,48.7555,-91.6216,16.14,98,97,3.0,overcast clouds
397,Charters Towers,AU,-20.1,146.2667,85.84,35,1,19.44,clear sky
398,Saldanha,ZA,-33.0117,17.9442,64.33,61,0,20.42,clear sky
399,Hay River,CA,60.8156,-115.7999,17.58,79,75,9.22,light snow
400,Qandala,SO,11.472,49.8728,81.63,48,74,7.87,broken clouds
401,Hwange,ZW,-18.3693,26.5019,93.2,26,81,5.08,broken clouds
402,Bitburg,DE,49.9667,6.5333,45.59,100,90,4.61,mist
403,Dormagen,DE,51.1,6.8333,51.67,92,100,7.49,overcast clouds
404,Rodez,FR,44.5,2.5833,37.71,93,0,4.61,clear sky
405,Owo,NG,7.1962,5.5868,79.5,78,59,3.47,broken clouds
406,Chernyshevsk,RU,52.5243,117.0174,13.62,88,100,1.23,overcast clouds
407,Hoa Binh,VN,20.8133,105.3383,73.29,74,98,4.41,overcast clouds
408,Vung Tau,VN,10.346,107.0843,82.02,76,79,9.8,broken clouds
409,Swellendam,ZA,-34.0226,20.4417,64.76,52,75,5.66,broken clouds
410,Vostok,RU,46.4856,135.8833,20.61,91,80,5.97,light snow
411,Chuguyevka,RU,44.1653,133.8633,27.01,79,80,9.62,snow
412,Gagra,GE,43.3283,40.2239,50.92,67,100,2.84,overcast clouds
413,Kaeo,NZ,-35.1,173.7833,60.33,81,100,2.8,overcast clouds
414,Broome,US,42.2506,-75.833,38.46,74,90,5.99,snow
415,Pauini,BR,-7.7136,-66.9764,71.74,99,100,1.83,overcast clouds
416,Kismayo,SO,-0.3582,42.5454,85.19,64,2,10.69,clear sky
417,Namibe,AO,-15.1961,12.1522,74.03,83,20,5.75,few clouds
418,Umm Lajj,SA,25.0213,37.2685,78.62,49,0,8.5,clear sky
419,Dawei,MM,14.0833,98.2,86.76,66,46,5.99,scattered clouds
420,Hami,CN,42.8,93.45,43.38,28,77,7.83,broken clouds
421,Male,MV,4.1748,73.5089,85.95,74,20,20.71,few clouds
422,Vryburg,ZA,-26.9566,24.7284,76.53,17,0,4.03,clear sky
423,Joshimath,IN,30.5667,79.5667,67.14,17,0,7.9,clear sky
424,Davila,PH,18.4726,120.5763,87.78,74,36,23.09,scattered clouds
425,Kyshtovka,RU,56.555,76.6271,6.17,90,87,11.23,overcast clouds
426,Ahuimanu,US,21.4447,-157.8378,78.51,79,40,0.0,scattered clouds
427,Xining,CN,36.6167,101.7667,40.8,29,83,5.12,broken clouds
428,Penzance,GB,50.1186,-5.5371,51.87,77,100,5.79,overcast clouds
429,Bavly,RU,54.393,53.2602,25.83,83,100,18.1,overcast clouds
430,Seydi,TM,39.4816,62.9137,46.22,20,0,12.95,clear sky
431,Hobyo,SO,5.3505,48.5268,83.75,54,23,13.65,few clouds
432,Kattivakkam,IN,13.2167,80.3167,80.69,92,99,15.12,overcast clouds
433,Dapaong,TG,10.8639,0.205,83.05,21,64,6.2,broken clouds
434,Haines Junction,CA,60.7522,-137.5108,-0.45,60,99,8.05,overcast clouds
435,Mae Sai,TH,20.4335,99.8762,87.44,51,48,2.66,scattered clouds
436,Kloulklubed,PW,7.0419,134.2556,84.7,71,100,7.83,overcast clouds
437,Manakara,MG,-22.1333,48.0167,85.5,49,57,13.89,broken clouds
438,Pindiga,NG,9.9833,10.9333,85.17,22,0,9.55,clear sky
439,Sicuani,PE,-14.2694,-71.2261,48.16,77,100,1.79,overcast clouds
440,San Andres,CO,12.5847,-81.7006,82.42,83,90,11.5,overcast clouds
441,Namatanai,PG,-3.6667,152.4333,80.31,79,74,3.6,broken clouds
442,Fuerte Olimpo,PY,-21.0415,-57.8738,65.8,93,87,4.88,overcast clouds
443,Vao,NC,-22.6667,167.4833,72.03,90,100,16.42,light rain
444,Sao Miguel Do Araguaia,BR,-13.275,-50.1628,71.64,93,100,0.98,overcast clouds
445,Cabo San Lucas,MX,22.8909,-109.9124,66.61,53,1,8.39,clear sky
446,Svetlyy,RU,54.675,20.1347,50.05,89,100,16.87,overcast clouds
447,Alta Floresta,BR,-9.8756,-56.0861,69.64,99,100,1.34,overcast clouds
448,Uvat,RU,59.1433,68.8953,12.13,85,100,6.55,overcast clouds
449,Obo,CF,5.3998,26.4869,86.49,49,25,3.62,scattered clouds
450,Waipawa,NZ,-41.4122,175.5153,57.04,66,0,6.69,clear sky
451,Goderich,CA,43.7501,-81.7165,38.91,75,100,21.85,overcast clouds
452,Hammerfest,NO,70.6634,23.6821,31.73,100,90,4.61,fog
453,Maroantsetra,MG,-15.4333,49.7333,79.27,68,25,6.91,scattered clouds
454,Ostrovnoy,RU,68.0531,39.5131,30.54,97,100,7.65,light snow
455,Lewiston,US,44.1003,-70.2148,43.48,95,90,3.44,moderate rain
456,Santa Cruz Del Sur,CU,20.7147,-77.9956,72.66,89,16,7.94,light rain
457,Yarmouth,US,41.7057,-70.2286,55.0,80,100,24.0,overcast clouds
458,Sao Joao Dos Patos,BR,-6.495,-43.7022,72.45,89,100,0.45,overcast clouds
459,San Patricio,US,28.017,-97.5169,62.69,61,8,9.46,clear sky
460,Juneau,US,58.3019,-134.4197,33.22,94,75,0.0,light snow
461,Amargosa,BR,-13.0303,-39.6047,66.97,97,65,1.63,broken clouds
462,Nuevo Progreso,MX,23.1667,-97.95,65.59,68,91,17.38,overcast clouds
463,Pombas,CV,17.1503,-25.0201,73.18,83,71,9.24,broken clouds
464,Yantal,RU,56.8471,105.2542,16.05,85,100,5.46,overcast clouds
465,Bolgatanga,GH,10.7856,-0.8514,84.13,20,6,7.49,clear sky
466,Raduzhnyy,RU,62.0961,77.475,-3.23,96,100,9.01,overcast clouds
467,Carballo,ES,43.213,-8.691,47.62,68,0,4.23,clear sky
468,Jizan,SA,17.3333,42.6667,86.94,52,14,4.79,few clouds
469,Kindia,GN,10.0569,-12.8658,72.75,79,52,1.39,broken clouds
470,Burns Lake,CA,54.2331,-125.7533,15.22,100,97,3.02,overcast clouds
471,Aktau,KZ,43.65,51.2,39.78,43,92,23.29,overcast clouds
472,Ayagoz,KZ,47.9714,80.4392,16.3,87,81,9.17,broken clouds
473,Mbandaka,CD,0.0487,18.2603,79.56,69,80,3.24,broken clouds
474,Kushmurun,KZ,52.4503,64.6311,17.1,83,99,18.43,overcast clouds
475,Sibu,MY,2.3,111.8167,79.11,94,40,4.61,moderate rain
476,Old Saybrook,US,41.2918,-72.3762,46.6,75,75,1.99,moderate rain
477,Vila Franca Do Campo,PT,37.7167,-25.4333,63.19,66,97,6.26,overcast clouds
478,Alcaniz,ES,41.05,-0.1333,47.08,75,0,1.05,clear sky
479,Miandrivazo,MG,-19.5167,45.4667,94.5,36,10,4.32,clear sky
480,Port Hawkesbury,CA,45.6169,-61.3485,58.91,94,90,7.0,overcast clouds
481,Rocha,UY,-34.4833,-54.3333,47.66,87,0,5.79,clear sky
482,Ulaangom,MN,49.9811,92.0667,21.97,50,100,1.83,overcast clouds
483,Matamba,TZ,-8.9833,33.9667,78.42,29,12,6.04,few clouds
484,Chapais,CA,49.7834,-74.8492,28.18,91,99,11.12,light snow
485,Fairbanks,US,64.8378,-147.7164,-8.39,74,1,0.0,clear sky
486,Erdaojiang,CN,41.7764,126.0319,32.83,53,14,3.74,few clouds
487,Talaya,RU,61.3833,152.75,3.31,98,100,1.32,overcast clouds
488,Arroio Grande,BR,-32.2375,-53.0869,49.73,88,0,3.13,clear sky
489,Jibuti,DJ,11.5,42.5,80.02,34,2,15.68,clear sky
490,Faya,SA,18.3851,42.4509,68.52,51,1,7.78,clear sky
491,Acajutla,SV,13.5928,-89.8275,77.07,80,97,7.0,overcast clouds
492,Saint-Pierre,RE,-21.3393,55.4781,87.19,54,0,10.36,clear sky
493,Alizai,PK,33.5383,70.3462,68.47,17,0,2.59,clear sky
494,Austin,US,30.2672,-97.7431,52.14,46,1,10.0,clear sky
495,Hovd,MN,48.0056,91.6419,25.9,21,33,5.93,scattered clouds
496,Mao,ES,39.8885,4.2658,54.16,94,20,9.22,few clouds
497,Alexandria,EG,31.2156,29.9553,70.34,64,40,10.36,scattered clouds
498,Cesky Krumlov,CZ,48.8109,14.3152,45.0,83,100,5.59,overcast clouds
499,Chabahar,IR,25.2919,60.643,76.95,25,0,1.1,clear sky
500,Hun,LY,29.1268,15.9477,70.95,40,55,10.16,broken clouds
501,Adrar,MR,20.5022,-10.0711,67.96,59,100,14.29,overcast clouds
502,Moa,CU,20.6569,-74.9403,78.06,85,38,10.65,scattered clouds
503,Vysokogornyy,RU,50.1167,139.15,18.82,97,100,3.49,light snow
504,Laval,CA,45.57,-73.692,36.7,81,40,1.99,scattered clouds
505,Porto Torres,IT,40.835,8.3972,48.38,71,0,3.69,clear sky
506,Tiznit,MA,29.5833,-9.5,59.31,70,96,7.14,overcast clouds
507,Nouakchott,MR,18.0858,-15.9785,69.73,63,48,10.31,scattered clouds
508,Tabuk,PH,17.4189,121.4443,82.09,76,59,8.08,broken clouds
509,Bamut,RU,43.1599,45.1973,40.95,64,83,2.8,broken clouds
510,Nelson Bay,AU,-32.7167,152.15,74.75,77,100,12.46,light rain
511,Ondangwa,NA,-17.9167,15.95,81.84,17,92,7.38,overcast clouds
512,Hambantota,LK,6.1241,81.1185,86.34,74,40,14.97,scattered clouds
513,Arenapolis,BR,-14.4503,-56.8461,72.28,99,100,0.4,light rain
514,Shingu,JP,33.7333,135.9833,65.39,80,100,1.32,overcast clouds
515,Mahibadhoo,MV,3.7833,72.9667,82.27,77,32,18.77,scattered clouds
516,Aksu,CN,41.1231,80.2644,41.95,27,1,3.4,clear sky
517,Aquiraz,BR,-3.9014,-38.3911,84.22,69,95,13.06,overcast clouds
518,Jaypur,IN,18.85,82.5833,79.11,70,98,9.51,overcast clouds
519,Peleduy,RU,59.6289,112.7406,1.18,98,96,1.5,overcast clouds
520,Kathor,IN,21.3,72.9333,93.0,52,51,3.44,broken clouds
521,Cockburn Town,TC,21.4612,-71.1419,80.92,76,8,19.53,clear sky
522,Witu,KE,-2.3889,40.4382,86.16,61,76,8.63,light rain
523,Paso De Carrasco,UY,-34.8603,-56.0522,54.25,58,0,6.91,clear sky
524,Tucuman,AR,-26.8241,-65.2226,66.2,82,75,6.91,broken clouds
525,Kingston,JM,17.997,-76.7936,79.75,83,20,9.22,few clouds
526,Epe,NG,6.5841,3.9834,82.67,80,66,2.62,light rain
527,Balgazyn,RU,51.0,95.2,18.81,83,100,3.53,overcast clouds
528,Pathein,MM,16.7833,94.7333,89.02,58,49,4.85,scattered clouds
529,Biak,ID,-0.9131,122.8766,82.08,74,97,1.34,moderate rain
530,Flin Flon,CA,54.7682,-101.865,18.07,92,100,5.86,overcast clouds
531,Lata,PT,40.1629,-8.3327,54.01,65,0,7.96,clear sky
532,Bambanglipuro,ID,-7.95,110.2833,82.22,77,99,6.49,light rain
533,San Cristobal,VE,7.7669,-72.225,64.67,96,100,2.84,overcast clouds
534,Bilibino,RU,68.0546,166.4372,-15.5,99,8,4.14,clear sky
535,Chino Valley,US,34.7575,-112.4538,50.31,29,90,2.57,overcast clouds
536,Totma,RU,59.9747,42.7642,33.31,95,100,13.76,light snow
537,Boddam,GB,57.4667,-1.7833,59.38,76,100,14.83,overcast clouds
538,Cooma,AU,-36.2333,149.1333,60.57,58,40,11.5,light rain
539,Batagay-Alyta,RU,67.8006,130.4114,-5.75,100,100,0.76,overcast clouds
540,Tessalit,ML,20.1986,1.0114,73.74,18,95,15.08,overcast clouds
541,Mokolo,CM,10.7398,13.8019,84.13,17,2,10.27,clear sky
542,Maragogi,BR,-9.0122,-35.2225,76.69,79,31,9.64,scattered clouds
543,Taoudenni,ML,22.6783,-3.9836,76.08,48,100,10.63,overcast clouds
544,Akureyri,IS,65.6835,-18.0878,28.33,100,90,0.0,snow
545,Toamasina,MG,-18.1667,49.3833,84.2,61,40,5.75,scattered clouds
546,Itacare,BR,-14.2775,-38.9967,72.61,89,100,2.44,overcast clouds
547,Wad Madani,SD,14.4012,33.5199,92.84,27,14,12.62,few clouds
548,Suraabad,AZ,40.8192,49.4687,55.58,68,23,23.24,few clouds
549,Dakar,SN,14.6937,-17.4441,74.28,75,100,15.57,overcast clouds
550,Inta,RU,66.0317,60.1659,13.08,84,100,13.29,overcast clouds
551,High Rock,BS,26.6208,-78.2833,71.62,86,95,13.09,overcast clouds
552,Khabary,RU,53.6259,79.5345,5.68,91,78,13.85,broken clouds
553,Vila,PT,42.0304,-8.1588,38.28,85,0,5.66,clear sky
554,Shakhovskaya,RU,56.0283,35.5097,33.76,90,98,10.92,overcast clouds
555,Carmen,MX,18.6333,-91.8333,76.82,83,80,8.63,broken clouds
556,Port-Gentil,GA,-0.7193,8.7815,82.36,83,75,9.22,broken clouds
557,Jhusi,IN,25.4333,81.9333,83.32,21,66,3.11,broken clouds
558,Luzhou,CN,28.8724,105.4405,61.93,63,84,5.37,broken clouds
559,Pisco,PE,-13.7,-76.2167,59.05,88,86,0.0,mist
560,Lauingen,DE,48.5677,10.4271,40.17,81,87,4.0,overcast clouds
561,Poum,NC,-20.2333,164.0167,78.37,78,99,11.92,overcast clouds
562,Ladario,BR,-19.0047,-57.6017,66.09,97,100,2.77,overcast clouds
563,Zeya,RU,53.75,127.2667,14.99,57,48,4.09,scattered clouds
564,Kuytun,RU,54.3419,101.5036,17.53,87,100,3.11,overcast clouds
565,Honolulu,US,21.3069,-157.8583,78.62,75,1,6.91,clear sky
566,Bang Saphan,TH,11.2126,99.5117,85.95,75,98,8.05,light rain
567,Mormugao,IN,15.4,73.8,81.66,83,75,3.44,broken clouds
568,Kemijarvi,FI,66.7131,27.4306,22.59,95,19,5.53,few clouds
569,Sorland,NO,67.667,12.6934,41.07,75,90,14.97,overcast clouds
570,Peterhead,GB,57.5058,-1.7981,58.44,75,100,15.14,overcast clouds
571,Shimoda,JP,34.6667,138.95,59.36,64,100,6.76,overcast clouds
572,Vanavara,RU,60.34,102.2797,11.1,92,100,7.78,overcast clouds
573,Muros,ES,42.7762,-9.0603,48.7,59,0,7.38,clear sky
574,Nantucket,US,41.2835,-70.0995,55.51,88,100,21.61,overcast clouds
575,Ust-Maya,RU,60.4167,134.5333,-19.44,100,95,1.66,overcast clouds
576,Plettenberg Bay,ZA,-34.0527,23.3716,65.41,54,77,10.51,broken clouds
577,Brae,GB,60.3964,-1.353,51.71,75,100,34.16,overcast clouds
578,Trairi,BR,-3.2778,-39.2689,79.88,78,99,12.44,overcast clouds
579,Alyangula,AU,-13.8483,136.4192,87.67,66,75,13.8,broken clouds
580,Kupino,RU,54.3663,77.2981,6.69,88,22,13.69,few clouds
581,Black River,JM,18.0264,-77.8487,75.2,79,15,4.88,few clouds
582,Normandin,CA,48.8333,-72.5321,35.22,93,10,2.3,clear sky
583,Alugan,PH,12.2188,125.4808,82.0,73,100,4.79,overcast clouds
584,Anchorage,US,61.2181,-149.9003,3.65,78,1,3.44,clear sky
585,Iralaya,HN,15.0,-83.2333,77.86,87,100,12.1,overcast clouds
586,Blagoyevo,RU,63.3667,47.9167,25.74,92,100,10.42,overcast clouds
587,Fruitvale,US,39.0817,-108.4968,51.03,41,40,0.0,scattered clouds
588,Chicama,PE,-7.8447,-79.1469,62.87,91,100,3.74,overcast clouds
589,Parrita,CR,9.5201,-84.3225,78.57,84,78,4.74,broken clouds
590,Omsukchan,RU,62.5333,155.8,8.85,96,100,1.32,overcast clouds
591,Arona,ES,28.0996,-16.681,57.72,71,40,3.44,scattered clouds
592,Gagnoa,CI,6.1293,-5.9437,76.23,90,87,2.42,overcast clouds
593,Altamont,US,42.2068,-121.7372,44.4,81,100,1.99,overcast clouds
594,Kudahuvadhoo,MV,2.6708,72.8944,82.69,77,12,19.62,few clouds
595,Orotukan,RU,62.2667,151.7,-4.99,99,100,2.73,overcast clouds
596,Rafai,CF,4.95,23.9167,79.16,71,81,2.53,broken clouds
597,Denpasar,ID,-8.65,115.2167,87.46,74,40,16.11,scattered clouds
598,Nuuk,GL,64.1835,-51.7216,5.85,73,73,8.81,broken clouds
599,Gornyatskiy,RU,48.2915,40.9575,36.82,76,100,7.9,overcast clouds
600,Mattru,SL,7.6244,-11.8332,77.32,91,22,0.76,few clouds
601,Jabinyanah,TN,35.035,10.9081,57.0,78,58,11.88,broken clouds
602,Helong,CN,42.5397,128.9972,28.69,60,43,4.18,scattered clouds
603,Salinopolis,BR,-0.6136,-47.3561,78.8,86,73,8.61,broken clouds
604,Qobustan,AZ,40.0824,49.412,55.51,78,100,8.43,overcast clouds
605,Ishigaki,JP,24.3448,124.1572,77.13,88,40,20.71,scattered clouds
606,Kenai,US,60.5544,-151.2583,-7.51,84,1,3.44,clear sky
607,Lagunillas,VE,10.1301,-71.2595,76.1,81,67,5.93,broken clouds
608,Nalut,LY,30.3333,10.85,64.36,66,19,17.2,few clouds
609,Nata,PA,8.3333,-80.5167,77.47,91,100,3.22,overcast clouds
610,Montpelier,US,44.2601,-72.5754,39.29,44,75,0.0,broken clouds
611,Kropotkin,RU,45.4375,40.5756,43.41,81,100,5.01,overcast clouds
612,Christchurch,NZ,-43.5333,172.6333,61.0,72,0,3.44,clear sky
613,Tanout,NE,14.9709,8.8879,80.24,15,4,14.12,clear sky
614,Merauke,ID,-8.4667,140.3333,81.73,82,100,12.33,overcast clouds
615,Naze,JP,28.3667,129.4833,70.72,77,100,16.13,overcast clouds
616,Venado Tuerto,AR,-33.7456,-61.9688,58.78,59,0,4.0,clear sky
617,Dawlatabad,AF,36.4141,64.9053,46.11,55,6,10.0,clear sky
618,Novyy Urengoy,RU,66.0833,76.6333,-9.62,100,88,6.87,overcast clouds
619,Huarmey,PE,-10.0681,-78.1522,63.09,92,99,5.53,overcast clouds
620,Portel,BR,-1.9356,-50.8211,73.27,95,8,3.06,clear sky
621,Houma,US,29.5958,-90.7195,54.0,76,11,8.99,few clouds
622,Mahajanga,MG,-15.7167,46.3167,91.42,33,20,5.75,few clouds
623,Husavik,IS,66.0449,-17.3389,28.31,95,100,4.09,light snow
624,Berezovyy,RU,51.6667,135.7,12.38,97,83,1.95,broken clouds
625,Bahia Blanca,AR,-38.7196,-62.2724,50.09,86,0,5.7,clear sky
626,Sur,OM,22.5667,59.5289,80.4,43,0,8.77,clear sky
627,Nhamunda,BR,-2.1861,-56.7131,74.08,96,100,1.99,overcast clouds
628,Kuala Perlis,MY,6.4,100.1333,89.89,73,34,6.85,scattered clouds
629,Abu Samrah,SY,35.3029,37.1841,65.52,43,86,1.07,overcast clouds
630,Newton,US,42.337,-71.2092,48.04,89,90,1.01,moderate rain
631,Kamenka,RU,51.3223,42.7678,29.75,89,100,9.19,overcast clouds
632,Semnan,IR,35.5729,53.3971,45.57,50,13,3.27,few clouds
633,Kawalu,ID,-7.3817,108.2082,75.76,93,100,1.86,light rain
634,Kushima,JP,31.4583,131.2333,69.31,65,19,7.96,few clouds
635,Bimbo,CF,4.2567,18.4158,83.08,63,93,3.65,overcast clouds
636,Marzuq,YE,14.4,46.4667,77.85,21,1,4.72,clear sky
637,Shahr-E Babak,IR,30.1165,55.1186,52.63,44,13,3.94,few clouds
638,Peniche,PT,39.3558,-9.3811,56.93,70,2,18.97,clear sky
639,Tubmanburg,LR,6.8708,-10.8172,77.79,87,32,3.11,light rain
640,Honningsvag,NO,70.9821,25.9704,38.53,84,100,15.39,overcast clouds
641,Ereymentau,KZ,51.6199,73.1033,6.82,87,20,14.41,few clouds
642,Harper,LR,4.375,-7.7169,80.76,83,81,6.98,broken clouds
643,Shenjiamen,CN,29.9576,122.298,63.9,71,0,10.45,clear sky
644,Saint-Michel-Des-Saints,CA,46.6834,-73.9159,33.94,82,100,9.04,overcast clouds
645,Jiaojiang,CN,28.6803,121.4428,68.0,80,78,7.58,broken clouds
646,Lavrentiya,RU,65.5833,-171.0,5.25,92,9,7.52,clear sky
647,Tombouctou,ML,20.0,-3.0,76.37,21,100,13.8,overcast clouds
648,Pandan,PH,14.0453,124.1694,81.68,85,93,4.41,overcast clouds
649,Koshurnikovo,RU,54.1667,93.3,17.2,82,100,1.07,overcast clouds
650,Michigan City,US,41.7075,-86.895,36.0,63,90,9.22,overcast clouds
651,Ust-Nera,RU,64.5667,143.2,-11.07,99,81,4.63,broken clouds
652,Jiaonan,CN,35.8786,119.9753,60.82,67,9,8.32,clear sky
653,Bercel,HU,47.8706,19.4072,45.75,77,99,14.0,overcast clouds
654,Anadyr,RU,64.75,177.4833,1.9,78,40,6.71,scattered clouds
655,Lindeberg,NO,60.0383,11.1248,47.17,96,0,1.01,clear sky
656,Petaluma,US,38.2324,-122.6367,56.16,95,75,0.0,mist
657,Gornozavodsk,RU,58.3758,58.3211,25.92,91,100,11.81,overcast clouds
658,Gorele,TR,41.0308,39.0031,58.44,68,100,3.85,overcast clouds
659,Windsor,CA,42.3001,-83.0165,34.29,85,90,1.01,overcast clouds
660,Trinidad,BO,-14.8333,-64.9,67.55,85,100,3.38,overcast clouds
661,Cetate,RO,44.1,23.05,46.58,63,100,15.05,overcast clouds
662,Hualmay,PE,-11.0964,-77.6139,62.49,90,99,6.15,overcast clouds
663,Westport,US,41.1415,-73.3579,46.98,89,90,1.01,overcast clouds
664,Amga,RU,60.8953,131.9608,-8.23,100,99,0.67,overcast clouds
665,Great Bend,US,38.3645,-98.7648,38.03,42,1,5.01,clear sky
666,Stornoway,GB,58.2093,-6.3865,51.76,87,75,9.22,broken clouds
667,Nizwa,OM,22.9333,57.5333,81.0,29,0,7.05,clear sky
668,Villaviciosa,ES,43.4813,-5.4357,47.16,74,0,4.23,clear sky
669,Bagotville,AU,-28.9833,153.4167,84.22,78,74,10.09,broken clouds
670,Kalispell,US,48.1958,-114.3129,33.03,90,90,3.44,light snow
671,Hit,IQ,33.6416,42.8251,71.49,28,58,2.53,broken clouds
672,Namie,JP,37.4833,141.0,59.99,54,72,6.8,broken clouds
673,Shelburne,CA,44.0787,-80.2041,31.91,95,65,16.28,broken clouds
674,Portachuelo,BO,-17.35,-63.4,68.9,83,95,3.02,overcast clouds
675,Carupano,VE,10.6678,-63.2585,75.04,89,100,4.9,overcast clouds
676,Copiapo,CL,-27.3667,-70.3333,53.29,76,0,2.71,clear sky
677,Creel,MX,27.75,-107.6333,36.88,67,0,5.53,clear sky
678,Timmins,CA,48.4669,-81.3331,26.42,93,90,11.5,light snow
679,Savino,RU,56.5929,41.2181,33.21,89,99,10.96,overcast clouds
680,Ocampo,MX,21.65,-101.5,48.22,84,56,17.47,broken clouds
681,Corn Island,NI,12.1694,-83.0418,80.8,81,100,11.74,overcast clouds
682,Itoman,JP,26.1247,127.6694,77.02,75,75,13.8,broken clouds
683,Johnstown,US,40.3267,-78.922,36.7,73,90,18.41,light snow
